450,#earthofficial,134,3.031674208
1285,#ourplanetdaily,56,1.266968326
459,#earthpix,55,1.244343891
177,#beautifuldestinations,49,1.108597285
438,#earthfocus,45,1.018099548
105,#artofvisuals,43,0.972850679
359,#discoverearth,43,0.972850679
1872,#wonderful_places,40,0.904977376
542,#exploretocreate,38,0.859728507
128,#awesome_earthpix,35,0.791855204
1536,#stayandwander,33,0.746606335
1174,#nature,32,0.7239819
552,#fantastic_earth,31,0.701357466
1213,#naturephotography,30,0.678733032
1440,#roamtheplanet,30,0.678733032
601,#folkscenery,29,0.656108597
1848,#wildernessculture,27,0.610859729
845,#inspiration,26,0.588235294
1185,#nature_shooters,26,0.588235294
1110,#moodygrams,25,0.56561086
1148,#nakedplanet,25,0.56561086
990,#lensbible,23,0.520361991
424,#earth_shotz,22,0.497737557
1823,#welivetoexplore,22,0.497737557
206,#bestvacations,21,0.475113122
1337,#photography,21,0.475113122
1349,#photooftheday,21,0.475113122
1793,#voyaged,21,0.475113122
204,#bestplacestogo,19,0.429864253
859,#instagram,19,0.429864253
1530,#spring,19,0.429864253
139,#awesomepix,18,0.407239819
1650,#travelawesome,18,0.407239819
964,#landscapephotography,17,0.384615385
1635,#tourtheplanet,17,0.384615385
1817,#way2ill,17,0.384615385
46,#AGameofTones,16,0.36199095
1328,#photo,16,0.36199095
1596,#TheGlobeWanderer,16,0.36199095
361,#discoverglobe,15,0.339366516
453,#earthofficial#visualsoflife,15,0.339366516
748,#hypebeast,15,0.339366516
943,#landscape,15,0.339366516
1014,#liveoutdoorsÂ,15,0.339366516
1205,#naturelovers,15,0.339366516
1623,#TLPicks,15,0.339366516
1738,#viaparadise,15,0.339366516
1129,#mountains,14,0.316742081
1218,#natureshots,14,0.316742081
1903,#yellow,14,0.316742081
26,#2020,13,0.294117647
491,#enjoy,13,0.294117647
586,#flowerlover,13,0.294117647
587,#flowers,13,0.294117647
588,#flowers_andlife,13,0.294117647
590,#flowerstagram,13,0.294117647
858,#instagood,13,0.294117647
1150,#natgeo,13,0.294117647
1163,#natgeoyourshot,13,0.294117647
1192,#natureandus,13,0.294117647
134,#awesomeearth,12,0.271493213
413,#earth,12,0.271493213
492,#enjoyourlife,12,0.271493213
721,#hikewithpk,12,0.271493213
1354,#picoftheday,12,0.271493213
1641,#travel,12,0.271493213
1805,#wanderlust,12,0.271493213
1889,#worldisbeautiful,12,0.271493213
45,#agameoftones,11,0.248868778
188,#bee,11,0.248868778
189,#beeandflower,11,0.248868778
872,#instatravel,11,0.248868778
1009,#liveauthentic,11,0.248868778
1293,#outdoors,11,0.248868778
1610,#theworldshotz,11,0.248868778
650,#gfriendÂ,10,0.226244344
1195,#naturegeography,10,0.226244344
1223,#neverstopexploring,10,0.226244344
455,#earthofficialÂ,9,0.20361991
456,#earthoutdoors,9,0.20361991
832,#ilovenature,9,0.20361991
1167,#nationalgeographic,9,0.20361991
1191,#natureaddict,9,0.20361991
1554,#sunset,9,0.20361991
522,#explore,8,0.180995475
1072,#marvelshots,8,0.180995475
1776,#visualambassadors,8,0.180995475
1909,#yourshotphotographer,8,0.180995475
307,#colors_of_day,7,0.158371041
436,#earthexperience,7,0.158371041
458,#earthpics,7,0.158371041
530,#exploremore,7,0.158371041
866,#instamood,7,0.158371041
996,#lifeofadventure,7,0.158371041
1067,#majestic_earth,7,0.158371041
1663,#travelgram,7,0.158371041
1677,#travelphotography,7,0.158371041
1781,#visualoflife,7,0.158371041
1784,#visualsofearth,7,0.158371041
136,#awesomeglobe,6,0.135746606
417,#earth_deluxe,6,0.135746606
472,#eclectic_shotz,6,0.135746606
554,#fantasticearth,6,0.135746606
596,#folkgood,6,0.135746606
776,#ig_landscape,6,0.135746606
945,#landscape_captures,6,0.135746606
948,#landscape_lover,6,0.135746606
959,#landscapelovers,6,0.135746606
1073,#master_gallery,6,0.135746606
1160,#natgeotravel,6,0.135746606
1177,#nature_brilliance,6,0.135746606
1311,#passionpassport,6,0.135746606
1367,#places_wow,6,0.135746606
1595,#theglobewanderer,6,0.135746606
1775,#visual_heaven,6,0.135746606
1795,#vsco,6,0.135746606
1796,#vscocam,6,0.135746606
262,#canon_photos,5,0.113122172
395,#dream_spots,5,0.113122172
435,#earthescope,5,0.113122172
561,#fatalframes,5,0.113122172
564,#featuremeinstagood,5,0.113122172
765,#ig_divineshots,5,0.113122172
803,#igdaily,5,0.113122172
955,#landscapehunter,5,0.113122172
962,#landscapephoto,5,0.113122172
972,#landscapes,5,0.113122172
1010,#livefolk,5,0.113122172
1028,#longexpoelite,5,0.113122172
1041,#love,5,0.113122172
1134,#mthrworld,5,0.113122172
1152,#natgeoadventure,5,0.113122172
1182,#nature_perfection,5,0.113122172
1236,#nikon,5,0.113122172
1276,#optoutside,5,0.113122172
1385,#pocket_world,5,0.113122172
1422,#red,5,0.113122172
1524,#special_shots,5,0.113122172
1559,#sunsetphotography,5,0.113122172
1598,#theimaged,5,0.113122172
1673,#travellingthroughtheworld,5,0.113122172
1786,#visualsoflife,5,0.113122172
7,#<U+0438><U+043D><U+0441><U+0442><U+0430><U+0433><U+0440><U+0430><U+043C><U+043D><U+0435><U+0434><U+0435><U+043B><U+0438>,4,0.090497738
197,#beskidy,4,0.090497738
201,#bestnatureshot,4,0.090497738
336,#czech,4,0.090497738
342,#dametraveler,4,0.090497738
354,#destinationearth,4,0.090497738
421,#earth_portraits,4,0.090497738
431,#earthcapture,4,0.090497738
447,#earthlandscape,4,0.090497738
536,#explorepage,4,0.090497738
544,#exploringtheglobe,4,0.090497738
598,#folkgreen,4,0.090497738
657,#global_creatives,4,0.090497738
658,#global_hotshotz,4,0.090497738
661,#globalcapture,4,0.090497738
684,#greenery,4,0.090497738
685,#greenlife,4,0.090497738
722,#hiking,4,0.090497738
763,#ig_color,4,0.090497738
828,#igworldglobal,4,0.090497738
852,#instadaily,4,0.090497738
903,#justgoshoot,4,0.090497738
915,#keepitwild,4,0.090497738
947,#landscape_hunter,4,0.090497738
949,#landscape_lovers,4,0.090497738
951,#landscape_photography,4,0.090497738
957,#landscapelover,4,0.090497738
1031,#longexposure,4,0.090497738
1056,#macro,4,0.090497738
1062,#madrussians,4,0.090497738
1065,#main_vision,4,0.090497738
1074,#master_shots,4,0.090497738
1159,#natgeoru,4,0.090497738
1202,#naturelove,4,0.090497738
1208,#natureonly,4,0.090497738
1212,#naturephotographer,4,0.090497738
1273,#onlinetravelling,4,0.090497738
1357,#picture,4,0.090497738
1359,#pictureoftheday,4,0.090497738
1366,#pixel_ig,4,0.090497738
1400,#praggram,4,0.090497738
1401,#prague,4,0.090497738
1402,#praguelife,4,0.090497738
1491,#skyporn,4,0.090497738
1527,#splendid_earth,4,0.090497738
1604,#theoutbound,4,0.090497738
1608,#theweekoninstagram,4,0.090497738
1622,#tlpicks,4,0.090497738
1686,#traveltheworld,4,0.090497738
1797,#vscorussia,4,0.090497738
1825,#welltraveled,4,0.090497738
1861,#wildlifephotography,4,0.090497738
1880,#wondermore,4,0.090497738
49,#alberta,3,0.067873303
51,#allaboutadventures,3,0.067873303
52,#allgÃ¤u,3,0.067873303
90,#animalplanet,3,0.067873303
97,#arizona,3,0.067873303
102,#art,3,0.067873303
104,#artoftheday,3,0.067873303
130,#awesome_photographers,3,0.067873303
150,#banff,3,0.067873303
151,#banffcanada,3,0.067873303
153,#banffnationalpark,3,0.067873303
164,#bbctravel,3,0.067873303
173,#bealpine,3,0.067873303
174,#beautiful,3,0.067873303
182,#beautifulmatters,3,0.067873303
185,#beautifulplaces,3,0.067873303
194,#bergpic,3,0.067873303
264,#canoncanada,3,0.067873303
348,#depthobsessed,3,0.067873303
364,#discovery,3,0.067873303
394,#dream_image,3,0.067873303
451,#EarthOfficial,3,0.067873303
466,#earthscope,3,0.067873303
469,#earthvisuals,3,0.067873303
473,#eclectic_shotzÂ,3,0.067873303
474,#ecology,3,0.067873303
519,#exklusive_shot,3,0.067873303
524,#explorealberta,3,0.067873303
526,#explorecanada,3,0.067873303
537,#explorer,3,0.067873303
570,#feelthealps,3,0.067873303
576,#fiftyshades_of_nature,3,0.067873303
585,#flower,3,0.067873303
634,#garden,3,0.067873303
646,#getoutside,3,0.067873303
663,#globe_travel,3,0.067873303
683,#green,3,0.067873303
725,#hikingadventures,3,0.067873303
743,#hubs_united,3,0.067873303
782,#ig_naturelovers,3,0.067873303
833,#imagesofcanada,3,0.067873303
895,#jaw_dropping_shots,3,0.067873303
973,#landscapestyles_gf,3,0.067873303
1026,#longexpo_addiction,3,0.067873303
1034,#longexposure_shots,3,0.067873303
1036,#longexposureoftheday,3,0.067873303
1057,#macrophotography,3,0.067873303
1063,#magicpict,3,0.067873303
1093,#modernoutdoors,3,0.067873303
1123,#mountaineering,3,0.067873303
1132,#mountainstones,3,0.067873303
1157,#natgeolandscape,3,0.067873303
1162,#natgeowild,3,0.067873303
1180,#nature_lovers,3,0.067873303
1190,#natureÂ,3,0.067873303
1196,#naturegram,3,0.067873303
1197,#naturehippys,3,0.067873303
1203,#naturelover,3,0.067873303
1244,#nikonphotography,3,0.067873303
1302,#pagearth,3,0.067873303
1332,#photographer,3,0.067873303
1339,#photographyÂ,3,0.067873303
1389,#poland,3,0.067873303
1441,#roamtheplanetÂ,3,0.067873303
1449,#rsa_outdoors,3,0.067873303
1489,#sky,3,0.067873303
1512,#somewheremagazine,3,0.067873303
1529,#splendid_shotz,3,0.067873303
1537,#stayandwanderÂ,3,0.067873303
1551,#sun,3,0.067873303
1556,#sunsetlover,3,0.067873303
1597,#thegreatoutdoors,3,0.067873303
1629,#topeuropephoto,3,0.067873303
1665,#traveling,3,0.067873303
1680,#travelpic,3,0.067873303
1814,#waterfall,3,0.067873303
1830,#weroamgermany,3,0.067873303
1851,#wildernesstones,3,0.067873303
1854,#wildlife,3,0.067873303
1874,#wonderfulglobe,3,0.067873303
1878,#wonderfulplaces,3,0.067873303
1892,#worldshotz,3,0.067873303
29,#4k_vibez_drone,2,0.045248869
53,#allgÃ¤utourist,2,0.045248869
55,#allyouneedisecuador,2,0.045248869
73,#alps,2,0.045248869
76,#amazing_longexpo,2,0.045248869
77,#amazing_shots,2,0.045248869
78,#amazingÂ,2,0.045248869
115,#athomeoutdoors,2,0.045248869
119,#austria,2,0.045248869
121,#autumn,2,0.045248869
127,#awesome_earth,2,0.045248869
129,#awesome_earthpixÂ,2,0.045248869
137,#awesomeglobeÂ,2,0.045248869
141,#awesometurkey,2,0.045248869
158,#bavaria,2,0.045248869
160,#Bayern,2,0.045248869
161,#bbcearth,2,0.045248869
166,#bberzurumspor,2,0.045248869
167,#bcaaÂ,2,0.045248869
171,#beachphotography,2,0.045248869
191,#Berge,2,0.045248869
198,#bestcitybreaks,2,0.045248869
207,#bestwoof,2,0.045248869
210,#bffgoals<U+0001F46D>#awesome_globepixÂ,2,0.045248869
211,#bffgoals<U+0001F46D>#httydÂ,2,0.045248869
213,#bgmÂ,2,0.045248869
224,#blueplanet,2,0.045248869
225,#bluesky,2,0.045248869
231,#boxbraids#gdragonbigbangÂ,2,0.045248869
239,#bvcracingÂ,2,0.045248869
248,#california,2,0.045248869
250,#camera,2,0.045248869
253,#campinglife,2,0.045248869
260,#canmore,2,0.045248869
261,#canon,2,0.045248869
267,#canonuk,2,0.045248869
268,#canonusa,2,0.045248869
269,#canonwhatelse,2,0.045248869
270,#capetown,2,0.045248869
279,#cbviews,2,0.045248869
280,#cdmx#cddelcarmencampecheÂ,2,0.045248869
285,#choosemountains,2,0.045248869
295,#climbing,2,0.045248869
303,#clouds,2,0.045248869
304,#cloudscape,2,0.045248869
315,#conservation,2,0.045248869
325,#createcommune,2,0.045248869
328,#createexplore,2,0.045248869
340,#dailyallgaeu,2,0.045248869
347,#deinbayern,2,0.045248869
349,#depthsofearth,2,0.045248869
363,#discovernature,2,0.045248869
367,#divine_forest,2,0.045248869
372,#dji,2,0.045248869
405,#droneoftheday,2,0.045248869
434,#earthdayeveryday,2,0.045248869
437,#earthfever,2,0.045248869
460,#earthpixÂ,2,0.045248869
463,#earthportraits,2,0.045248869
480,#ecuadorturistico,2,0.045248869
485,#electic_shotz,2,0.045248869
496,#epic_captures,2,0.045248869
508,#europe_vacations,2,0.045248869
534,#exploreourearth,2,0.045248869
553,#fantastic_earthÂ,2,0.045248869
572,#fhvkÂ,2,0.045248869
573,#field,2,0.045248869
578,#finland_photolovers,2,0.045248869
602,#folksceneryÂ,2,0.045248869
604,#folkvibe,2,0.045248869
608,#foto,2,0.045248869
611,#fotograf,2,0.045248869
612,#fotografia,2,0.045248869
617,#fotooftheday,2,0.045248869
629,#fromwhereidrone,2,0.045248869
643,#getlost,2,0.045248869
648,#gf_nature#hg_pictureÂ,2,0.045248869
649,#gf_natureÂ,2,0.045248869
651,#ggallinÂ,2,0.045248869
656,#glacier,2,0.045248869
668,#goexplore,2,0.045248869
673,#gopro,2,0.045248869
678,#grandcanyon,2,0.045248869
679,#grandcanyonnps,2,0.045248869
686,#greenway,2,0.045248869
690,#gsdstagram,2,0.045248869
691,#guardiantravelsnaps,2,0.045248869
703,#heatercentral,2,0.045248869
705,#heimwehnachoberstdorf,2,0.045248869
710,#hg_picture#hg_pictureÂ,2,0.045248869
711,#hg_pictureÂ,2,0.045248869
712,#hgtvdreamhome#jhumkiesÂ,2,0.045248869
713,#hgtvdreamhomeÂ,2,0.045248869
714,#hhauthorisedagentÂ,2,0.045248869
728,#hikingtheglobe,2,0.045248869
739,#hot_shotz,2,0.045248869
756,#iceland,2,0.045248869
769,#ig_europa,2,0.045248869
770,#ig_europe,2,0.045248869
773,#ig_italia,2,0.045248869
784,#ig_photostars,2,0.045248869
790,#ig_shotz,2,0.045248869
792,#ig_shotz_le,2,0.045248869
801,#igbest_shotz,2,0.045248869
805,#igers,2,0.045248869
813,#igersitalia,2,0.045248869
824,#igtones,2,0.045248869
825,#igtravel,2,0.045248869
830,#illgrammers,2,0.045248869
843,#indianwildlife,2,0.045248869
851,#instacaption,2,0.045248869
860,#instaitalia,2,0.045248869
868,#instanaturelover,2,0.045248869
873,#instatraveling,2,0.045248869
879,#istanbul,2,0.045248869
882,#italian_places,2,0.045248869
884,#italy,2,0.045248869
897,#jenniferaniston#boxbraidsÂ,2,0.045248869
899,#journeys,2,0.045248869
924,#knittingÂ,2,0.045248869
939,#lake,2,0.045248869
976,#landschaftsfotografie,2,0.045248869
985,#leaves,2,0.045248869
993,#letsgosomewhere,2,0.045248869
995,#lhh#hgtvdreamhomeÂ,2,0.045248869
999,#lifestyle,2,0.045248869
1013,#liveoutdoors,2,0.045248869
1017,#living_europe,2,0.045248869
1025,#longexpo,2,0.045248869
1029,#longexpoeliteÂ,2,0.045248869
1037,#longexposurephotography,2,0.045248869
1038,#longexposures,2,0.045248869
1039,#longexposureshots,2,0.045248869
1078,#meinbw,2,0.045248869
1090,#miracle,2,0.045248869
1094,#modernoutdoorsÂ,2,0.045248869
1100,#montagne,2,0.045248869
1102,#mood,2,0.045248869
1106,#moods_in_frame,2,0.045248869
1111,#moodygramsÂ,2,0.045248869
1126,#mountainlife,2,0.045248869
1127,#mountainlove,2,0.045248869
1133,#mountainworld,2,0.045248869
1141,#myday,2,0.045248869
1143,#myhobby,2,0.045248869
1153,#natgeocreative,2,0.045248869
1164,#natgeoyourshotÂ,2,0.045248869
1166,#nationaldestinations,2,0.045248869
1170,#natura,2,0.045248869
1171,#naturÂ,2,0.045248869
1172,#natural,2,0.045248869
1175,#nature_andyou,2,0.045248869
1176,#nature_andyou#onlinetravelling,2,0.045248869
1187,#nature_wizards,2,0.045248869
1210,#naturephoto,2,0.045248869
1215,#natureporn,2,0.045248869
1217,#naturesbeauty,2,0.045248869
1220,#naturewalk,2,0.045248869
1239,#nikonasia,2,0.045248869
1262,#Oberstdorf,2,0.045248869
1263,#ocean,2,0.045248869
1264,#oceanphotography,2,0.045248869
1266,#offensiveÂ,2,0.045248869
1267,#offensivememes#hg_pictureÂ,2,0.045248869
1269,#ohcanada,2,0.045248869
1286,#ourplanetdailyÂ,2,0.045248869
1289,#outdooradventures,2,0.045248869
1306,#panorama,2,0.045248869
1333,#Photographer,2,0.045248869
1343,#photographylovers,2,0.045248869
1352,#pic,2,0.045248869
1360,#pictureperfect,2,0.045248869
1372,#planet,2,0.045248869
1381,#pnwlife,2,0.045248869
1382,#pnwonderland,2,0.045248869
1387,#poetry,2,0.045248869
1413,#rain,2,0.045248869
1425,#reeducaÃ§Ã£oalimentar#hg_pictureÂ,2,0.045248869
1429,#renegade_rural,2,0.045248869
1430,#Repost,2,0.045248869
1463,#scenery,2,0.045248869
1474,#shadow,2,0.045248869
1484,#shotzdelight,2,0.045248869
1490,#skyphotography,2,0.045248869
1507,#snow,2,0.045248869
1513,#sonyalpha,2,0.045248869
1538,#stayandwonder,2,0.045248869
1544,#stormÂ,2,0.045248869
1548,#stunning_shots,2,0.045248869
1549,#sultanahmet,2,0.045248869
1555,#sunset_pics,2,0.045248869
1558,#sunsetlovers,2,0.045248869
1560,#sunsets,2,0.045248869
1561,#sunsets_captures,2,0.045248869
1564,#superhubs,2,0.045248869
1572,#swissshepherd,2,0.045248869
1574,#switzerland,2,0.045248869
1591,#thebest_capture,2,0.045248869
1592,#thebestdestinations,2,0.045248869
1617,#time,2,0.045248869
1630,#toplongexposure,2,0.045248869
1640,#transfer_visions,2,0.045248869
1644,#travel<U+2060>,2,0.045248869
1668,#travelinspiration,2,0.045248869
1670,#traveller,2,0.045248869
1675,#travelmore,2,0.045248869
1676,#travelphoto,2,0.045248869
1685,#travelstoke,2,0.045248869
1690,#tree,2,0.045248869
1701,#trip,2,0.045248869
1705,#tumblr,2,0.045248869
1709,#turkey,2,0.045248869
1710,#turkey_home,2,0.045248869
1715,#ukpotd,2,0.045248869
1716,#ukraine,2,0.045248869
1727,#vacation,2,0.045248869
1731,#vcmochilandoÂ,2,0.045248869
1733,#vforvictoryÂ,2,0.045248869
1741,#view,2,0.045248869
1756,#visitbavaria,2,0.045248869
1758,#visitbw,2,0.045248869
1777,#visualart,2,0.045248869
1794,#voyagedÂ,2,0.045248869
1802,#wallpaper,2,0.045248869
1811,#watchthisinstagood,2,0.045248869
1812,#water,2,0.045248869
1820,#weeklyfluff,2,0.045248869
1821,#wekeepmoments,2,0.045248869
1822,#welcometonature,2,0.045248869
1836,#white,2,0.045248869
1837,#whiteflower,2,0.045248869
1845,#wilderness,2,0.045248869
1853,#wildgeography,2,0.045248869
1862,#wildlifeplanet,2,0.045248869
1865,#windows,2,0.045248869
1868,#winterwonderland,2,0.045248869
1883,#world,2,0.045248869
1887,#worldcaptures,2,0.045248869
1891,#worldprime,2,0.045248869
1894,#worldtravel,2,0.045248869
1,##poppyflower,1,0.022624434
2,#@saeed.mehrabi52,1,0.022624434
3,#<U+0416><U+0435><U+043B><U+0435><U+0437><U+043D><U+043E><U+0432><U+043E><U+0434><U+0441><U+043A>,1,0.022624434
4,#<U+0421><U+0442><U+0430><U+0432><U+0440><U+043E><U+043F><U+043E><U+043B><U+044C><U+0441><U+043A><U+0438><U+0439><U+043A><U+0440><U+0430><U+0439>,1,0.022624434
5,#<U+0432><U+0440><U+0435><U+043C><U+044F><U+0437><U+0430><U+043A><U+0430><U+0442><U+043E><U+0432>,1,0.022624434
6,#<U+0437><U+0430><U+043A><U+0430><U+0442>,1,0.022624434
8,#<U+0441><U+043D><U+044F><U+0442><U+043E><U+043D><U+0430>galaxy,1,0.022624434
9,#<U+0441><U+0442><U+0440><U+0430><U+043D><U+0430><U+043A><U+043E><U+0441><U+043C><U+043E><U+0441>,1,0.022624434
10,#<U+0444><U+043E><U+0442><U+043E><U+041A><U+041C><U+0412>,1,0.022624434
11,#<U+0444><U+043E><U+0442><U+043E><U+0433><U+0440><U+0430><U+0444><U+041A><U+041C><U+0412>,1,0.022624434
12,#<U+0635><U+0627><U+0645><U+0648>,1,0.022624434
13,#<U+0635><U+062F><U+0641>_<U+0645><U+0648><U+0633><U+06CC>_<U+067E><U+0648><U+0631>,1,0.022624434
14,#<U+0639><U+06A9><U+0633>_<U+0631><U+0648><U+0632>,1,0.022624434
15,#<U+0639><U+06A9><U+0633>_<U+0632><U+06CC><U+0628><U+0627>,1,0.022624434
16,#<U+0639><U+06A9><U+0633>_<U+067E><U+0631><U+062A><U+0631><U+0647>,1,0.022624434
17,#<U+06A9><U+0631><U+0645><U+0627><U+0634><U+0627><U+0646>,1,0.022624434
18,#<U+06A9><U+0631><U+0645><U+0627><U+0646><U+0634><U+0627><U+0647>,1,0.022624434
19,#<U+06A9><U+0631><U+0645><U+0627><U+0646><U+0634><U+0627><U+0647>_<U+06AF><U+0631><U+062F><U+06CC>#<U+0633><U+0631><U+0648><U+0634><U+062A><U+06CC>_<U+06A9><U+0648><U+0631><U+062F><U+0633><U+062A><U+0627><U+0646>#<U+0639><U+06A9><U+0627><U+0633><U+06CC>_<U+0637><U+0628><U+06CC><U+0639><U+062A>#,1,0.022624434
20,#<U+06A9><U+0641><U+0634><U+062F><U+0648><U+0632><U+06A9>#<U+0639><U+06A9><U+0633>_<U+0647><U+0646><U+0631><U+06CC>,1,0.022624434
21,#<U+65C5><U+884C><U+2060>,1,0.022624434
22,#<U+666F><U+8272><U+2060>,1,0.022624434
23,#<U+81EA><U+7136>,1,0.022624434
24,#<U+FE0F><U+20E3>,1,0.022624434
25,#100,1,0.022624434
27,#2020#india,1,0.022624434
28,#2020nd,1,0.022624434
30,#Ã§adir,1,0.022624434
31,#Ã§iÃ§ek,1,0.022624434
32,#a6400,1,0.022624434
33,#abudhabi#travelexploring#wonderful_places#moodygrams#canonphotographers#wonderfuldestinations#earthofficial#mosque#igersofficial#discoveryglobe#abudhabimosque,1,0.022624434
34,#actor,1,0.022624434
35,#actorlife,1,0.022624434
36,#adventure,1,0.022624434
37,#adventure<U+2060>,1,0.022624434
38,#adventuredog,1,0.022624434
39,#adventuregirls,1,0.022624434
40,#adventurethatislife,1,0.022624434
41,#adventuretime,1,0.022624434
42,#adventurevisuals,1,0.022624434
43,#adventurevisulas,1,0.022624434
44,#aesthetic,1,0.022624434
47,#agameoftonesÂ,1,0.022624434
48,#ahmetkaya,1,0.022624434
50,#alfaaz,1,0.022624434
54,#allnatureshots,1,0.022624434
56,#aloha,1,0.022624434
57,#alpaca,1,0.022624434
58,#alpacafarm,1,0.022624434
59,#alpacafarmÂ,1,0.022624434
60,#alpacalifeÂ,1,0.022624434
61,#alpacaloveÂ,1,0.022624434
62,#alpacasofinstagramÂ,1,0.022624434
63,#alpacawool,1,0.022624434
64,#alpacaworldÂ,1,0.022624434
65,#alpakaÂ,1,0.022624434
66,#alpakahof,1,0.022624434
67,#alpakaliebeÂ,1,0.022624434
68,#AlphaPro,1,0.022624434
69,#alpinisme,1,0.022624434
70,#alpinismo,1,0.022624434
71,#alpinismus,1,0.022624434
72,#alpinista,1,0.022624434
74,#altinkare,1,0.022624434
75,#amateurphotography,1,0.022624434
79,#amazingnature,1,0.022624434
80,#amazingphotohunte,1,0.022624434
81,#amazingplaces,1,0.022624434
82,#america,1,0.022624434
83,#amongthewild,1,0.022624434
84,#andes,1,0.022624434
85,#angle,1,0.022624434
86,#animal,1,0.022624434
87,#animallove,1,0.022624434
88,#animallovers,1,0.022624434
89,#animalonplanet,1,0.022624434
91,#animalsinfluence,1,0.022624434
92,#ankitdevkumar,1,0.022624434
93,#apple,1,0.022624434
94,#arambassadors,1,0.022624434
95,#architecture,1,0.022624434
96,#architecturedaily,1,0.022624434
98,#arkanfalls,1,0.022624434
99,#arkansas,1,0.022624434
100,#arkansasonly,1,0.022624434
101,#arkansasoutdoors,1,0.022624434
103,#artistsoninstagram,1,0.022624434
106,#Artofvisuals,1,0.022624434
107,#artofvisualsÂ,1,0.022624434
108,#artofvisulas<U+2060>,1,0.022624434
109,#artquarantined,1,0.022624434
110,#asiaticlion,1,0.022624434
111,#astro,1,0.022624434
112,#astrophoto,1,0.022624434
113,#astrophotography,1,0.022624434
114,#athensvoice,1,0.022624434
116,#Australia,1,0.022624434
117,#Australia_oz,1,0.022624434
118,#australiasnorthwest,1,0.022624434
120,#austrianmountains,1,0.022624434
122,#auvergnerhonealpes,1,0.022624434
123,#auvergnerhonealpestourisme,1,0.022624434
124,#awareness,1,0.022624434
125,#awesome,1,0.022624434
126,#awesome-earthpix,1,0.022624434
131,#awesomedreamplaces,1,0.022624434
132,#Awesomedreamplaces,1,0.022624434
133,#awesomedreamplacesÂ,1,0.022624434
135,#awesomeearthpix,1,0.022624434
138,#awesomelifestyle,1,0.022624434
140,#awesomeplaces,1,0.022624434
142,#awesometurkiye,1,0.022624434
143,#az365,1,0.022624434
144,#badenwuÂ¨rttemberg,1,0.022624434
145,#baliÂ,1,0.022624434
146,#balibible<U+2063><U+2063><U+2063><U+2063>,1,0.022624434
147,#balidaily,1,0.022624434
148,#baligasm,1,0.022624434
149,#balitourism,1,0.022624434
152,#banfflakelouise,1,0.022624434
154,#bangalore,1,0.022624434
155,#barked,1,0.022624434
156,#basquecountry,1,0.022624434
157,#bathgate,1,0.022624434
159,#bawue_vision,1,0.022624434
162,#BBCEarth,1,0.022624434
163,#bbcearthÂ,1,0.022624434
165,#bbcwildlife,1,0.022624434
168,#bdbucketlist,1,0.022624434
169,#beach,1,0.022624434
170,#beachlife,1,0.022624434
172,#bealpha,1,0.022624434
175,#beautifuldesinations,1,0.022624434
176,#beautifuldestination,1,0.022624434
178,#beautifuldestinations#earthfocus,1,0.022624434
179,#beautifuldestinationsÂ,1,0.022624434
180,#beautifuldestitantions<U+2060>,1,0.022624434
181,#beautifulearth,1,0.022624434
183,#beautifulnature,1,0.022624434
184,#beautifulpic,1,0.022624434
186,#beautifulswitzerland,1,0.022624434
187,#beautyofnature,1,0.022624434
190,#beforeidie,1,0.022624434
192,#bergerblancsuisse,1,0.022624434
193,#bergliebe,1,0.022624434
195,#bergsteigen,1,0.022624434
196,#bergwelten,1,0.022624434
199,#bestdiscovery,1,0.022624434
200,#bestmountainartists,1,0.022624434
202,#bestnatureshots,1,0.022624434
203,#bestoftheday,1,0.022624434
205,#bestukpics,1,0.022624434
208,#betterbodieslifestyle,1,0.022624434
209,#bevisuallyinspired,1,0.022624434
212,#bg_ulice,1,0.022624434
214,#bhfyp,1,0.022624434
215,#BHPhoto,1,0.022624434
216,#bikinilife,1,0.022624434
217,#blackandwhite,1,0.022624434
218,#blackforest,1,0.022624434
219,#blackforestgermany,1,0.022624434
220,#blackforestgraphers,1,0.022624434
221,#bleibtzuhauseÂ,1,0.022624434
222,#blickheimat,1,0.022624434
223,#bluehourphotography,1,0.022624434
226,#bns_earth,1,0.022624434
227,#bns_landscape,1,0.022624434
228,#bohemianswitzerland,1,0.022624434
229,#book,1,0.022624434
230,#boredpanda,1,0.022624434
232,#bratislava#beautifuldestinations,1,0.022624434
233,#breakfastÂ,1,0.022624434
234,#british,1,0.022624434
235,#bucketlist,1,0.022624434
236,#bucketlistideas,1,0.022624434
237,#bud,1,0.022624434
238,#bushcraft,1,0.022624434
240,#bwjetzt,1,0.022624434
241,#cairo,1,0.022624434
242,#cairoegypt,1,0.022624434
243,#cairospots,1,0.022624434
244,#calf,1,0.022624434
245,#calgaryisbeautiful,1,0.022624434
246,#calgarylife,1,0.022624434
247,#calgaryphotographer,1,0.022624434
249,#californiadreaming,1,0.022624434
251,#camp,1,0.022624434
252,#camping,1,0.022624434
254,#campingphotography,1,0.022624434
255,#campingseason,1,0.022624434
256,#campingwithdogs,1,0.022624434
257,#camprail,1,0.022624434
258,#camprailÂ,1,0.022624434
259,#canada,1,0.022624434
263,#CanonAsia,1,0.022624434
265,#canonindia_official,1,0.022624434
266,#canonphotography,1,0.022624434
271,#capture,1,0.022624434
272,#captureÂ,1,0.022624434
273,#capturearizona,1,0.022624434
274,#captureyyc,1,0.022624434
275,#castle,1,0.022624434
276,#castlecombe,1,0.022624434
277,#cattle,1,0.022624434
278,#cayucos,1,0.022624434
281,#chasingwaterfalls,1,0.022624434
282,#chathamcounty,1,0.022624434
283,#chestnut,1,0.022624434
284,#chimney,1,0.022624434
286,#cinematography,1,0.022624434
287,#cinestill,1,0.022624434
288,#ciochepiaceallavista,1,0.022624434
289,#citazioni,1,0.022624434
290,#citrustalent,1,0.022624434
291,#city,1,0.022624434
292,#cityscape,1,0.022624434
293,#cityvibes,1,0.022624434
294,#cityview,1,0.022624434
296,#climbinggear,1,0.022624434
297,#climbinggirls,1,0.022624434
298,#climbinglife,1,0.022624434
299,#climbinglovers,1,0.022624434
300,#climbingtrip,1,0.022624434
301,#closeup,1,0.022624434
302,#cloud,1,0.022624434
305,#collectivelycreateÂ,1,0.022624434
306,#colorado,1,0.022624434
308,#colors_of_dayÂ,1,0.022624434
309,#colors_of_the_day,1,0.022624434
310,#colorsofindia,1,0.022624434
311,#comingsoon,1,0.022624434
312,#complementary,1,0.022624434
313,#conquerarizona,1,0.022624434
314,#consciousness,1,0.022624434
316,#coolplaces,1,0.022624434
317,#cotedazurfrance,1,0.022624434
318,#country,1,0.022624434
319,#country_features#green#blue#trees,1,0.022624434
320,#countryfeatures,1,0.022624434
321,#countrylife,1,0.022624434
322,#cow,1,0.022624434
323,#cowsofinstagram,1,0.022624434
324,#createandcapture,1,0.022624434
326,#Createcommune,1,0.022624434
327,#createcommune#baliaslipic,1,0.022624434
329,#creativeoptic,1,0.022624434
330,#creativeoptik,1,0.022624434
331,#creek,1,0.022624434
332,#creeklife,1,0.022624434
333,#cudownydzien,1,0.022624434
334,#curatethis1x,1,0.022624434
335,#cutestÂ,1,0.022624434
337,#czechrepublic,1,0.022624434
338,#czskaddicted,1,0.022624434
339,#d7200,1,0.022624434
341,#dailydeals,1,0.022624434
343,#dandelion,1,0.022624434
344,#dandelions,1,0.022624434
345,#deathvalley,1,0.022624434
346,#deathvalleynationalpark,1,0.022624434
350,#desert,1,0.022624434
351,#desertviewwatchtower,1,0.022624434
352,#design,1,0.022624434
353,#destination,1,0.022624434
355,#destinosimperdiveis,1,0.022624434
356,#deutschland,1,0.022624434
357,#diamondbeach,1,0.022624434
358,#diewocheaufinstagram,1,0.022624434
360,#discoverearthÂ,1,0.022624434
362,#discoverglobeÂ,1,0.022624434
365,#discovery_landscapes,1,0.022624434
366,#discoveryuk,1,0.022624434
368,#divine_ladolcevita,1,0.022624434
369,#divine_villages,1,0.022624434
370,#divine_worldplaces,1,0.022624434
371,#divinefeminine,1,0.022624434
373,#djidrone,1,0.022624434
374,#djiglobal,1,0.022624434
375,#djispark,1,0.022624434
376,#DjiSparkÂ,1,0.022624434
377,#dnescestujem,1,0.022624434
378,#dobranoc#dojutra,1,0.022624434
379,#dog,1,0.022624434
380,#dog_features,1,0.022624434
381,#doga,1,0.022624434
382,#dogphotography,1,0.022624434
383,#dogportrait,1,0.022624434
384,#dogsofinstagram,1,0.022624434
385,#dogsofinstagramÂ,1,0.022624434
386,#dolomiten,1,0.022624434
387,#dolomites4you,1,0.022624434
388,#donostia,1,0.022624434
389,#donostiasansebastian,1,0.022624434
390,#dopinghafiza,1,0.022624434
391,#doyoutravel,1,0.022624434
392,#dozobaczenia,1,0.022624434
393,#draussenzuhause,1,0.022624434
396,#dreaming_landscape,1,0.022624434
397,#dreamspots,1,0.022624434
398,#drone,1,0.022624434
399,#drone#agameoftonesÂ,1,0.022624434
400,#drone_greece,1,0.022624434
401,#DronefromhomeFFA,1,0.022624434
402,#droneglobal,1,0.022624434
403,#dronelife#nusalembongan,1,0.022624434
404,#dronenature<U+2063><U+2063><U+2063><U+2063>,1,0.022624434
406,#dronephotography,1,0.022624434
407,#dronestragram,1,0.022624434
408,#dscvr_mood,1,0.022624434
409,#dslr_official,1,0.022624434
410,#dublin,1,0.022624434
411,#dynamicportraits,1,0.022624434
412,#earhlover,1,0.022624434
414,#earth-shotz,1,0.022624434
415,#earth_bliss,1,0.022624434
416,#earth_bliss#landschaftsfotografie,1,0.022624434
418,#earth_deluxe#landscape#photooftheday#sunset#natgeo#colorful#discoverearth#amazingearth#landscape_captures#travelawesome#longexposure#naturelovers#geography#earthofficial#photography#lonelyplanet#kyrgyzstan#naryn#issikkul,1,0.022624434
419,#earth_fantastics,1,0.022624434
420,#earth_pix,1,0.022624434
422,#earth_reflect,1,0.022624434
423,#earth_sho,1,0.022624434
425,#earth_shotzÂ,1,0.022624434
426,#earthÂ,1,0.022624434
427,#EarthÂ,1,0.022624434
428,#earthawesome,1,0.022624434
429,#earthbeauty,1,0.022624434
430,#earthbestshot,1,0.022624434
432,#EarthCapture,1,0.022624434
433,#earthday2020#earth#earthfocus#earthofficial,1,0.022624434
439,#Earthfocus,1,0.022624434
440,#earthfocus#amazingplaces,1,0.022624434
441,#earthfocus<U+2060>,1,0.022624434
442,#earthgallery,1,0.022624434
443,#earthgridz,1,0.022624434
444,#earthhotspots,1,0.022624434
445,#earthimagined,1,0.022624434
446,#earthisbeautiful,1,0.022624434
448,#earthlandscape#photographyaccount,1,0.022624434
449,#earthmagic,1,0.022624434
452,#earthofficial#earthpix,1,0.022624434
454,#earthofficial<U+2060>,1,0.022624434
457,#earthphotography,1,0.022624434
461,#earthplanet,1,0.022624434
462,#earthplanet_pics,1,0.022624434
464,#earthprotectors,1,0.022624434
465,#earthreflect,1,0.022624434
467,#earthspirit,1,0.022624434
468,#earthtravelpix,1,0.022624434
470,#easternsierra,1,0.022624434
471,#eatsleeprepeat,1,0.022624434
475,#ecosystem,1,0.022624434
476,#ecuador<U+0001F1EA><U+0001F1E8>,1,0.022624434
477,#ecuadoramalavida#southamericatrip,1,0.022624434
478,#ecuadorentusojos,1,0.022624434
479,#ecuadortravel_ig,1,0.022624434
481,#ecuatoriano,1,0.022624434
482,#edcpixta,1,0.022624434
483,#edge,1,0.022624434
484,#egypt,1,0.022624434
486,#elephant,1,0.022624434
487,#elephantbush,1,0.022624434
488,#encinitas,1,0.022624434
489,#encinitaslife,1,0.022624434
490,#endlessfaces,1,0.022624434
493,#enjoyyourlife,1,0.022624434
494,#environment,1,0.022624434
495,#epic-captures,1,0.022624434
497,#epiccaptures,1,0.022624434
498,#escursioni,1,0.022624434
499,#escursionismo,1,0.022624434
500,#escursionismoit,1,0.022624434
501,#espacio_world,1,0.022624434
502,#estaes_europa,1,0.022624434
503,#estaes_europe,1,0.022624434
504,#ethereal,1,0.022624434
505,#ethereal_moods,1,0.022624434
506,#europa,1,0.022624434
507,#europe_gallery,1,0.022624434
509,#euskadi,1,0.022624434
510,#euskalherria,1,0.022624434
511,#euvounajanela,1,0.022624434
512,#evening,1,0.022624434
513,#everydaycairo,1,0.022624434
514,#evning,1,0.022624434
515,#exceptional_pictures,1,0.022624434
516,#exclusive_animals,1,0.022624434
517,#exclusive_shots,1,0.022624434
518,#exclusive_shotsÂ,1,0.022624434
520,#exmortevita,1,0.022624434
521,#Exmouth,1,0.022624434
523,#explore#bdbucketlisttocreate,1,0.022624434
525,#explorecalifornia,1,0.022624434
527,#exploreeurope,1,0.022624434
528,#explorefrance,1,0.022624434
529,#exploreitaly,1,0.022624434
531,#explorenationÂ,1,0.022624434
532,#explorenc,1,0.022624434
533,#explorenorthcarolina,1,0.022624434
535,#exploreourearthÂ,1,0.022624434
538,#exploreslovakia,1,0.022624434
539,#exploretheglobe,1,0.022624434
540,#exploretheglobeÂ,1,0.022624434
541,#exploretheoutdoors,1,0.022624434
543,#exploring,1,0.022624434
545,#expofilm3k,1,0.022624434
546,#exposureÂ,1,0.022624434
547,#fabulousshot,1,0.022624434
548,#family,1,0.022624434
549,#familyportraits,1,0.022624434
550,#familytime,1,0.022624434
551,#fanstasticearth,1,0.022624434
555,#farmersdontstop,1,0.022624434
556,#farmlife,1,0.022624434
557,#farmlifeÂ,1,0.022624434
558,#faroe,1,0.022624434
559,#fashionbloggerstyle,1,0.022624434
560,#fashionportrait,1,0.022624434
562,#fatalframes#droneofthedayÂ,1,0.022624434
563,#feature,1,0.022624434
565,#featurepalette,1,0.022624434
566,#featuringearth,1,0.022624434
567,#feedbacknation,1,0.022624434
568,#feelalive,1,0.022624434
569,#feelings,1,0.022624434
571,#femmetravel,1,0.022624434
574,#fields,1,0.022624434
575,#fieldwork,1,0.022624434
577,#finland_frames,1,0.022624434
579,#finland<U+2060>,1,0.022624434
580,#finlandnature,1,0.022624434
581,#fiskeÂ,1,0.022624434
582,#fjelltid,1,0.022624434
583,#flagstaff,1,0.022624434
584,#florist,1,0.022624434
589,#flowersofinstagram,1,0.022624434
591,#flowertattoo,1,0.022624434
592,#flowerworld,1,0.022624434
593,#fly,1,0.022624434
594,#folk_nature,1,0.022624434
595,#folkcreative,1,0.022624434
597,#folkgoodÂ,1,0.022624434
599,#folkgreenÂ,1,0.022624434
600,#folkgrid,1,0.022624434
603,#folksouls,1,0.022624434
605,#follow,1,0.022624434
606,#forestÂ,1,0.022624434
607,#fotkukazdejden,1,0.022624434
609,#fotocatchers,1,0.022624434
610,#fotodelgiorno,1,0.022624434
613,#fotografie,1,0.022624434
614,#fotografie#landscapephotography#amaturephotography,1,0.022624434
615,#fotografsevenler,1,0.022624434
616,#fotolojihanem,1,0.022624434
618,#fotoproitalia,1,0.022624434
619,#frÃ¼hlingÂ,1,0.022624434
620,#frÃ¼hstÃ¼ckÂ,1,0.022624434
621,#france,1,0.022624434
622,#francemontagnes,1,0.022624434
623,#francetourisme,1,0.022624434
624,#frasi,1,0.022624434
625,#freedom,1,0.022624434
626,#frenchriveria,1,0.022624434
627,#friluftslivÂ,1,0.022624434
628,#frog,1,0.022624434
630,#fromwhereidrone#balilivin,1,0.022624434
631,#fruit,1,0.022624434
632,#funnyvideos,1,0.022624434
633,#gameoftones,1,0.022624434
635,#gardener,1,0.022624434
636,#gardening,1,0.022624434
637,#genuinebritain,1,0.022624434
638,#germanroamers,1,0.022624434
639,#germanshepherd,1,0.022624434
640,#germanshepherdworld,1,0.022624434
641,#germany,1,0.022624434
642,#getinsta,1,0.022624434
644,#getlostÂ,1,0.022624434
645,#getolympus,1,0.022624434
647,#gf_italy,1,0.022624434
652,#gilgitbaltistan,1,0.022624434
653,#gipuzkoa,1,0.022624434
654,#girlportrait,1,0.022624434
655,#givebacktonature,1,0.022624434
659,#global_hotshotz#macrosÂ,1,0.022624434
660,#global_ladies,1,0.022624434
662,#globe_portraits,1,0.022624434
664,#globepeople,1,0.022624434
665,#globetrotter,1,0.022624434
666,#globewonders,1,0.022624434
667,#glocknerleitl,1,0.022624434
669,#golgelikadraj,1,0.022624434
670,#goodmorning,1,0.022624434
671,#gooutside,1,0.022624434
672,#goplayoutside,1,0.022624434
674,#goprotimelapse,1,0.022624434
675,#goprovideo,1,0.022624434
676,#gramkilla,1,0.022624434
677,#gramslayers,1,0.022624434
680,#greatesttravels,1,0.022624434
681,#greatshotz,1,0.022624434
682,#greekstreetmag,1,0.022624434
687,#grenoble,1,0.022624434
688,#grossglockner,1,0.022624434
689,#gsdofig,1,0.022624434
692,#guide,1,0.022624434
693,#guipuzcoa,1,0.022624434
694,#gunaydin_turkey,1,0.022624434
695,#hÃ¸st,1,0.022624434
696,#hack,1,0.022624434
697,#haidafilter,1,0.022624434
698,#hangingout,1,0.022624434
699,#hdr,1,0.022624434
700,#hdr_addiction,1,0.022624434
701,#healthy#healthyliving,1,0.022624434
702,#heart,1,0.022624434
704,#heavenlyplanet,1,0.022624434
706,#hello_france,1,0.022624434
707,#hello_worldpics,1,0.022624434
708,#hellofromÂ,1,0.022624434
709,#heritagecity,1,0.022624434
715,#hiddeniceland,1,0.022624434
716,#highlandcalf,1,0.022624434
717,#highlandcattle,1,0.022624434
718,#highlandcow,1,0.022624434
719,#highlanders,1,0.022624434
720,#hike,1,0.022624434
723,#hiking_croatia,1,0.022624434
724,#hiking_daily,1,0.022624434
726,#hikingdogsofinstagram,1,0.022624434
727,#hikingitaly,1,0.022624434
729,#hikingtrails,1,0.022624434
730,#hindi,1,0.022624434
731,#hindi_poetry,1,0.022624434
732,#hindilove,1,0.022624434
733,#hindustan,1,0.022624434
734,#history,1,0.022624434
735,#hobbyfotografie,1,0.022624434
736,#hobbyphoto,1,0.022624434
737,#holiday,1,0.022624434
738,#hondartza,1,0.022624434
740,#hoyafilter,1,0.022624434
741,#hsdailyfeature#dronegearÂ,1,0.022624434
742,#HuaweiP30Pro,1,0.022624434
744,#huffpostgram,1,0.022624434
745,#human_art,1,0.022624434
746,#humedales,1,0.022624434
747,#humpbackwhale,1,0.022624434
749,#hypebeastÂ,1,0.022624434
750,#iamatraveler,1,0.022624434
751,#iamdowntown,1,0.022624434
752,#IaminlovewithnatureÂ,1,0.022624434
753,#iamtb,1,0.022624434
754,#ic_landscapes,1,0.022624434
755,#ic_longexpo,1,0.022624434
757,#ig_belgrade,1,0.022624434
758,#ig_best_shots,1,0.022624434
759,#ig_bliss,1,0.022624434
760,#ig_california,1,0.022624434
761,#ig_captures,1,0.022624434
762,#ig_captures#shotonnokia#beautifuldstinations#tree,1,0.022624434
764,#ig_countryside,1,0.022624434
766,#ig_dynamic,1,0.022624434
767,#ig_eternity,1,0.022624434
768,#ig_euro,1,0.022624434
771,#ig_fotografdiyari,1,0.022624434
772,#ig_fotografdiyariÂ,1,0.022624434
774,#ig_italy,1,0.022624434
775,#ig_killerz,1,0.022624434
777,#ig_landscapes,1,0.022624434
778,#ig_masterpiece,1,0.022624434
779,#ig_muse,1,0.022624434
780,#ig_myshot,1,0.022624434
781,#ig_nature,1,0.022624434
783,#ig_photooftheday,1,0.022624434
785,#ig_photoworld,1,0.022624434
786,#ig_respect,1,0.022624434
787,#ig_select,1,0.022624434
788,#ig_serenity,1,0.022624434
789,#ig_shots,1,0.022624434
791,#ig_shotz#ig_shotz_sunset#big_shotz#igworldclub_sunset#sunset_universe#sunset_hunter#world_sunsetnsky#sunrise_and_sunsets#best_skyshots#sky_marvels#nubes#earth_shotz#sunset_vision,1,0.022624434
793,#ig_shotzÂ,1,0.022624434
794,#ig_shutterbugs,1,0.022624434
795,#ig_today,1,0.022624434
796,#ig_world_colors,1,0.022624434
797,#ig_worldclub,1,0.022624434
798,#ig_worldglobal,1,0.022624434
799,#igbest_shadow,1,0.022624434
800,#igbest_shots,1,0.022624434
802,#Igbest_shotz,1,0.022624434
804,#igearth,1,0.022624434
806,#Igerscatalunya#bestpicscatalunya#Ig_captures#Igersvoriental#special_shots#ig_europe#earthofficial#wonderfulworld#ig_masterpiece#welivetoexplore#ilovepiques#landscapelovers#landscapephotography#instatravel#instantes_gf#catalunyaexperience#catalunya#b&w#catalanspelmon#catalunya#catalunya_imagina#london#bigben#nightphotography#reflexion#splendid_reflections#reflejos#reflexosdelmon,1,0.022624434
807,#igerscz,1,0.022624434
808,#igerseurope,1,0.022624434
809,#igersfrance,1,0.022624434
810,#igersgermany,1,0.022624434
811,#igersgrenoble,1,0.022624434
812,#igersintheworld,1,0.022624434
814,#igerspoland,1,0.022624434
815,#igersuk,1,0.022624434
816,#igglobalclub,1,0.022624434
817,#igglobalclupÂ,1,0.022624434
818,#iglandscape,1,0.022624434
819,#iglobalphotographers,1,0.022624434
820,#igmasters,1,0.022624434
821,#igphotoworld,1,0.022624434
822,#igs_europe,1,0.022624434
823,#igs_photos,1,0.022624434
826,#igworldclub,1,0.022624434
827,#igworldclub#magnumphotos70#landscape#discoverabudhabi#visitabudhabi#timeoutabudhabi#abudhabilife#sheikhzayedmosque#fotoviaggi#jumeirah#emiratiarabi#photography#capital#dubaidesert#sunset#travelling#travelabudhabi#dubaipage,1,0.022624434
829,#igwriters,1,0.022624434
831,#IloveAustralia,1,0.022624434
834,#inaturÂ,1,0.022624434
835,#incredible,1,0.022624434
836,#incredibleindia,1,0.022624434
837,#incrediblespring,1,0.022624434
838,#india,1,0.022624434
839,#india_undiscovered,1,0.022624434
840,#indiaÂ,1,0.022624434
841,#indian,1,0.022624434
842,#indianphotography,1,0.022624434
844,#indonesia,1,0.022624434
846,#inspiration_by_benq,1,0.022624434
847,#insta,1,0.022624434
848,#insta_dolomiti,1,0.022624434
849,#insta_global,1,0.022624434
850,#insta_svk,1,0.022624434
853,#instadog,1,0.022624434
854,#instafashion,1,0.022624434
855,#instaflowers,1,0.022624434
856,#instafotorepost,1,0.022624434
857,#instago,1,0.022624434
861,#instalike,1,0.022624434
862,#instalove,1,0.022624434
863,#instaloveÂ,1,0.022624434
864,#instameetec,1,0.022624434
865,#instameetgreece,1,0.022624434
867,#instanature,1,0.022624434
869,#instapassport,1,0.022624434
870,#instapicture,1,0.022624434
871,#instaspring,1,0.022624434
874,#inunafotografia,1,0.022624434
875,#inyonationalforest,1,0.022624434
876,#iphonephotography,1,0.022624434
877,#ireland,1,0.022624434
878,#isolation,1,0.022624434
880,#italia,1,0.022624434
881,#italiainunoscatto<U+2028>#ig_italy,1,0.022624434
883,#italian_trips,1,0.022624434
885,#italy_vacations,1,0.022624434
886,#italyiloveyou,1,0.022624434
887,#italylovers,1,0.022624434
888,#italytravel,1,0.022624434
889,#italytrip,1,0.022624434
890,#jadeplant,1,0.022624434
891,#jaktÂ,1,0.022624434
892,#jaktfiskeogfriluftsliv,1,0.022624434
893,#Jaktgutta,1,0.022624434
894,#jakttelemark,1,0.022624434
896,#jbokyphotography,1,0.022624434
898,#jessopsmoment,1,0.022624434
900,#jungle,1,0.022624434
901,#junglelife,1,0.022624434
902,#just_unitedstates,1,0.022624434
904,#kaikialla,1,0.022624434
905,#kaiyhun_es,1,0.022624434
906,#kamp,1,0.022624434
907,#kampatesi,1,0.022624434
908,#kampnatural,1,0.022624434
909,#kampturkiye,1,0.022624434
910,#karakorummountainclubb,1,0.022624434
911,#kastanie,1,0.022624434
912,#kastanienbaum,1,0.022624434
913,#keepexploring,1,0.022624434
914,#keepitsimpleÂ,1,0.022624434
916,#keepyourdistance,1,0.022624434
917,#kelingkingbeach,1,0.022624434
918,#kermanshah#hikewithpk,1,0.022624434
919,#killeverygram,1,0.022624434
920,#kings_villages,1,0.022624434
921,#kirmasÂ¸an,1,0.022624434
922,#klettern,1,0.022624434
923,#klickers,1,0.022624434
925,#knowyourworth#knowbetterdobetter,1,0.022624434
926,#koasa,1,0.022624434
927,#kochamzachodyslonca,1,0.022624434
928,#komodo<U+2063><U+2063><U+2063><U+2063>,1,0.022624434
929,#kplatform369,1,0.022624434
930,#kpunkka,1,0.022624434
931,#kuhakoskiwaterfalls,1,0.022624434
932,#l4l,1,0.022624434
933,#labuannajo,1,0.022624434
934,#lacdemontagne,1,0.022624434
935,#ladiesgoneglobal,1,0.022624434
936,#lafz,1,0.022624434
937,#laguna,1,0.022624434
938,#lagunasdeecuador,1,0.022624434
940,#lakelouise,1,0.022624434
941,#lakemoraine,1,0.022624434
942,#lamontagnecavousgagne,1,0.022624434
944,#landscape#earthpics,1,0.022624434
946,#landscape_collectionÂ,1,0.022624434
950,#landscape_nightscape,1,0.022624434
952,#landscape_specialist,1,0.022624434
953,#landscapeÂ,1,0.022624434
954,#landscapecapturesÂ,1,0.022624434
956,#landscapelove,1,0.022624434
958,#landscapeloverÂ,1,0.022624434
960,#landscapelovers#sunset,1,0.022624434
961,#landscapepaintings,1,0.022624434
963,#landscapephotographer,1,0.022624434
965,#landscapephotography#earthvisuals,1,0.022624434
966,#landscapephotographymagazine,1,0.022624434
967,#landscapephotomag,1,0.022624434
968,#landscapephotomagÂ,1,0.022624434
969,#landscapephotos,1,0.022624434
970,#landscapepornÂ,1,0.022624434
971,#landscapers,1,0.022624434
974,#landscapestylesgf,1,0.022624434
975,#landschaft,1,0.022624434
977,#lapland<U+2060>,1,0.022624434
978,#latamgram,1,0.022624434
979,#latergram,1,0.022624434
980,#latinamerica,1,0.022624434
981,#lazyshutters,1,0.022624434
982,#leaf,1,0.022624434
983,#leagueoflenses,1,0.022624434
984,#leaningtower,1,0.022624434
986,#leefilter,1,0.022624434
987,#lehmaÂ¨,1,0.022624434
988,#lekhak,1,0.022624434
989,#lens,1,0.022624434
991,#lensbible#wanderlust#outdoors#vsco#beautifuldestinations,1,0.022624434
992,#lensbibleÂ,1,0.022624434
994,#letzebuerg,1,0.022624434
997,#lifeofadventureÂ,1,0.022624434
998,#lifeonthefarm,1,0.022624434
1000,#lighthouse,1,0.022624434
1001,#lightningÂ,1,0.022624434
1002,#like4likes,1,0.022624434
1003,#likeback,1,0.022624434
1004,#likeforlik,1,0.022624434
1005,#likeforlikes,1,0.022624434
1006,#likesforlikes,1,0.022624434
1007,#lion,1,0.022624434
1008,#lions,1,0.022624434
1011,#livefolkindonesia<U+2063><U+2063><U+2063><U+2063>,1,0.022624434
1012,#liveforthestory,1,0.022624434
1015,#living,1,0.022624434
1016,#living_destinations,1,0.022624434
1018,#livingmybestlife,1,0.022624434
1019,#livingonearth,1,0.022624434
1020,#livingsvk,1,0.022624434
1021,#localpond,1,0.022624434
1022,#lockdown,1,0.022624434
1023,#loja,1,0.022624434
1024,#lonelyplanet,1,0.022624434
1027,#longexpo_kings,1,0.022624434
1030,#longexpohunter,1,0.022624434
1032,#longexposure_daily,1,0.022624434
1033,#longexposure_official,1,0.022624434
1035,#longexposure_shots<U+2060>,1,0.022624434
1040,#lost_world_treasures,1,0.022624434
1042,#lovecows,1,0.022624434
1043,#loveearth,1,0.022624434
1044,#loveforphotography,1,0.022624434
1045,#lovehighlands,1,0.022624434
1046,#loves_dolomiti,1,0.022624434
1047,#loves_landscape,1,0.022624434
1048,#lovetravel,1,0.022624434
1049,#lumix_de,1,0.022624434
1050,#lumixg9,1,0.022624434
1051,#lumixtones,1,0.022624434
1052,#luxembourg,1,0.022624434
1053,#luxuryhotel,1,0.022624434
1054,#luxurytravel,1,0.022624434
1055,#luxuryworldtraveler,1,0.022624434
1058,#macrophotography.,1,0.022624434
1059,#madeinegypt,1,0.022624434
1060,#madeinitaly,1,0.022624434
1061,#madewithluminar,1,0.022624434
1064,#magicpictÂ,1,0.022624434
1066,#Main_Vision,1,0.022624434
1068,#majestic_earthÂ,1,0.022624434
1069,#makeeachdaycount,1,0.022624434
1070,#malekarpaty,1,0.022624434
1071,#map_of_europe,1,0.022624434
1075,#mavic2pro,1,0.022624434
1076,#me#outfit#earthofficial,1,0.022624434
1077,#mediumformat,1,0.022624434
1079,#meinschwarzwald,1,0.022624434
1080,#meistershots,1,0.022624434
1081,#meteorologyÂ,1,0.022624434
1082,#miliondollarvisuals,1,0.022624434
1083,#milkyway,1,0.022624434
1084,#milkywaychasers,1,0.022624434
1085,#milkywayscientists,1,0.022624434
1086,#milliondollarvisuals,1,0.022624434
1087,#mindfulness,1,0.022624434
1088,#mindthemountains,1,0.022624434
1089,#minimalism,1,0.022624434
1091,#miracleshappeneveryday,1,0.022624434
1092,#mittfriluftsliv,1,0.022624434
1095,#mondaymotivation,1,0.022624434
1096,#monisere,1,0.022624434
1097,#monkeybeach,1,0.022624434
1098,#monocounty,1,0.022624434
1099,#montagna,1,0.022624434
1101,#montblanc,1,0.022624434
1103,#moodÂ,1,0.022624434
1104,#moodnation,1,0.022624434
1105,#moodoftheday,1,0.022624434
1107,#moody_nature#travel,1,0.022624434
1108,#moodyfilm,1,0.022624434
1109,#moodygram<U+2060>,1,0.022624434
1112,#moonlight,1,0.022624434
1113,#moontrail,1,0.022624434
1114,#morainelake,1,0.022624434
1115,#morninglight,1,0.022624434
1116,#motherearth,1,0.022624434
1117,#mothersday,1,0.022624434
1118,#mothetearth,1,0.022624434
1119,#motivation,1,0.022624434
1120,#mountain,1,0.022624434
1121,#mountain_world,1,0.022624434
1122,#mountainboy,1,0.022624434
1124,#mountaingirls,1,0.022624434
1125,#mountaingirlsdoitbetter,1,0.022624434
1128,#mountainlovers,1,0.022624434
1130,#mountainscape,1,0.022624434
1131,#mountainsphoto,1,0.022624434
1135,#mthworld,1,0.022624434
1136,#mtnfolk,1,0.022624434
1137,#muteswan,1,0.022624434
1138,#muteswans,1,0.022624434
1139,#muteswansofinstagram,1,0.022624434
1140,#myauvergnerhonealpes,1,0.022624434
1142,#mydolomiti,1,0.022624434
1144,#mynorwayÂ,1,0.022624434
1145,#myplanet#myworld#welcome,1,0.022624434
1146,#mytraveldiary,1,0.022624434
1147,#nÃ¦rfriluftsliv,1,0.022624434
1149,#nat_geo,1,0.022624434
1151,#natgeoÂ,1,0.022624434
1154,#natgeohr,1,0.022624434
1155,#natgeohub,1,0.022624434
1156,#natgeoindia,1,0.022624434
1158,#natgeolandscapeÂ,1,0.022624434
1161,#natgeotravelpic,1,0.022624434
1165,#nationaldestination,1,0.022624434
1168,#nationalgeographicÂ,1,0.022624434
1169,#nationalpark,1,0.022624434
1173,#naturalbangladesh,1,0.022624434
1178,#nature_captures,1,0.022624434
1179,#nature_kermanshah#naturephotography,1,0.022624434
1181,#nature_of_our_world,1,0.022624434
1183,#nature_perfection<U+2060>,1,0.022624434
1184,#nature_seeker,1,0.022624434
1186,#nature_sultans,1,0.022624434
1188,#nature_wizardsÂ,1,0.022624434
1189,#nature<U+2060>,1,0.022624434
1193,#naturebawue,1,0.022624434
1194,#naturebeauty,1,0.022624434
1198,#natureinfocus,1,0.022624434
1199,#NatureinFocus,1,0.022624434
1200,#natureisbeautiful,1,0.022624434
1201,#natureiswaiting,1,0.022624434
1204,#naturelover_gr,1,0.022624434
1206,#naturelovers#landscape#landscape_captures#field,1,0.022624434
1207,#natureloversÂ,1,0.022624434
1209,#natureperfection,1,0.022624434
1211,#naturephotograph#mountains,1,0.022624434
1214,#naturephotos,1,0.022624434
1216,#natures_marvels,1,0.022624434
1219,#natureshotsÂ,1,0.022624434
1221,#naturewizards,1,0.022624434
1222,#neuehorizonte,1,0.022624434
1224,#newmilkyway,1,0.022624434
1225,#newyork,1,0.022624434
1226,#newyorkcity,1,0.022624434
1227,#next_landscape,1,0.022624434
1228,#ngtindia,1,0.022624434
1229,#nicefrance,1,0.022624434
1230,#nightphotography,1,0.022624434
1231,#nightscapeÂ,1,0.022624434
1232,#nightscaper,1,0.022624434
1233,#nightshooters,1,0.022624434
1234,#nightskape,1,0.022624434
1235,#nightsky,1,0.022624434
1237,#Nikon,1,0.022624434
1238,#nikon_photography_,1,0.022624434
1240,#nikond750,1,0.022624434
1241,#nikondach,1,0.022624434
1242,#nikonfallCA,1,0.022624434
1243,#nikonlove,1,0.022624434
1245,#NikonTakeZ,1,0.022624434
1246,#nikontop,1,0.022624434
1247,#nikonuk,1,0.022624434
1248,#nikonuknordic,1,0.022624434
1249,#nisiopticsusa,1,0.022624434
1250,#njspotstravels,1,0.022624434
1251,#nofilter,1,0.022624434
1252,#nomadwhere,1,0.022624434
1253,#norges_fotograferÂ,1,0.022624434
1254,#norskfriluftsliv,1,0.022624434
1255,#northcarolina,1,0.022624434
1256,#northwestarkansas,1,0.022624434
1257,#norway2dayÂ,1,0.022624434
1258,#nuage,1,0.022624434
1259,#nusapenida,1,0.022624434
1260,#nwarkansas,1,0.022624434
1261,#nyc,1,0.022624434
1265,#oeschinenseeÂ,1,0.022624434
1268,#oggionolake,1,0.022624434
1270,#ondarreta,1,0.022624434
1271,#oneness,1,0.022624434
1272,#oneplusphotography,1,0.022624434
1274,#ontop,1,0.022624434
1275,#openmyworld,1,0.022624434
1277,#optoutsideÂ,1,0.022624434
1278,#orchard,1,0.022624434
1279,#organic,1,0.022624434
1280,#organic#lucknowblogger,1,0.022624434
1281,#ourclickdays,1,0.022624434
1282,#ourcolourdays,1,0.022624434
1283,#ourdoortones,1,0.022624434
1284,#ourmoodydays,1,0.022624434
1287,#OurPlanetDailyÂ,1,0.022624434
1288,#outdoor,1,0.022624434
1290,#outdoorfinland,1,0.022624434
1291,#outdoorlovers,1,0.022624434
1292,#outdoorphotomag,1,0.022624434
1294,#outdoorslife,1,0.022624434
1295,#outdoortones,1,0.022624434
1296,#outside_projectÂ,1,0.022624434
1297,#outsidemagazine,1,0.022624434
1298,#ouyyaba,1,0.022624434
1299,#ozarks,1,0.022624434
1300,#padarisland<U+2063><U+2063><U+2063><U+2063>,1,0.022624434
1301,#paesaggio,1,0.022624434
1303,#paisvasco,1,0.022624434
1304,#pakistan,1,0.022624434
1305,#panasoniclumix,1,0.022624434
1307,#paradise,1,0.022624434
1308,#paradise<U+0001F334>,1,0.022624434
1309,#park,1,0.022624434
1310,#passionmontagne,1,0.022624434
1312,#passionpassports,1,0.022624434
1313,#passportready,1,0.022624434
1314,#paysage,1,0.022624434
1315,#paysageÂ,1,0.022624434
1316,#pclimd,1,0.022624434
1317,#peace,1,0.022624434
1318,#pentaxian,1,0.022624434
1319,#pentaxk1,1,0.022624434
1320,#peoplescreative,1,0.022624434
1321,#peru,1,0.022624434
1322,#petfluencer,1,0.022624434
1323,#phaseone,1,0.022624434
1324,#phaseonexf,1,0.022624434
1325,#philosophie,1,0.022624434
1326,#philosophy,1,0.022624434
1327,#phonetography,1,0.022624434
1329,#photoÂ,1,0.022624434
1330,#photogramÂ,1,0.022624434
1331,#photographed,1,0.022624434
1334,#photographerÂ,1,0.022624434
1335,#photographers,1,0.022624434
1336,#photographs,1,0.022624434
1338,#photography<U+2060>,1,0.022624434
1340,#photographyaccount,1,0.022624434
1341,#photographyislife,1,0.022624434
1342,#photographyislifeÂ,1,0.022624434
1344,#photographysouls,1,0.022624434
1345,#photojournalism,1,0.022624434
1346,#photolife,1,0.022624434
1347,#photolovers,1,0.022624434
1348,#photoofday,1,0.022624434
1350,#photooftheday<U+2060>,1,0.022624434
1351,#photoofthedayÂ,1,0.022624434
1353,#picofday<U+0001F4F7>,1,0.022624434
1355,#picoftheday#lonelyplanet,1,0.022624434
1356,#picofthedayÂ,1,0.022624434
1358,#picture_sque29,1,0.022624434
1361,#picturesÂ,1,0.022624434
1362,#picturetokeep_nature,1,0.022624434
1363,#pier,1,0.022624434
1364,#pisaitaly,1,0.022624434
1365,#pisatower<U+0001F1EE><U+0001F1F9>,1,0.022624434
1368,#places_wowÂ,1,0.022624434
1369,#PLACESSEENTHROUGHMYLENS,1,0.022624434
1370,#placestogo,1,0.022624434
1371,#placetobe,1,0.022624434
1373,#planet_earth_shots,1,0.022624434
1374,#planet_locations,1,0.022624434
1375,#planet_tour,1,0.022624434
1376,#planetearth,1,0.022624434
1377,#plantsmakepeoplehappy,1,0.022624434
1378,#playa,1,0.022624434
1379,#playadeondarreta,1,0.022624434
1380,#pnw,1,0.022624434
1383,#pnwphotographer,1,0.022624434
1384,#pocket_nature,1,0.022624434
1386,#poem,1,0.022624434
1388,#pokazisvojrad,1,0.022624434
1390,#pond,1,0.022624434
1391,#poodlelife,1,0.022624434
1392,#poodlelove,1,0.022624434
1393,#poodlesofinstagram,1,0.022624434
1394,#poolbegchimneys,1,0.022624434
1395,#poppy,1,0.022624434
1396,#postcardsfromtheworld,1,0.022624434
1397,#potd,1,0.022624434
1398,#pozytywnemyslenie,1,0.022624434
1399,#pozytywnie,1,0.022624434
1403,#praveslovenske,1,0.022624434
1404,#proadventurer,1,0.022624434
1405,#purple,1,0.022624434
1406,#purpleflowers,1,0.022624434
1407,#pyramid,1,0.022624434
1408,#qualitytimeÂ,1,0.022624434
1409,#quarantinedays,1,0.022624434
1410,#quarintine,1,0.022624434
1411,#quoteoftheday,1,0.022624434
1412,#rahagirÂ,1,0.022624434
1414,#rainyday,1,0.022624434
1415,#rajasthandiaries,1,0.022624434
1416,#rajasthanwildlife,1,0.022624434
1417,#randonnÃ©e,1,0.022624434
1418,#rapeseed,1,0.022624434
1419,#ratiaranch,1,0.022624434
1420,#raw_country,1,0.022624434
1421,#reall_nature,1,0.022624434
1423,#redflowers,1,0.022624434
1424,#redstawberry,1,0.022624434
1426,#reflectiongram,1,0.022624434
1427,#rei1440project,1,0.022624434
1428,#reise,1,0.022624434
1431,#reykjavik,1,0.022624434
1432,#ridge,1,0.022624434
1433,#roadtrip,1,0.022624434
1434,#roam,1,0.022624434
1435,#roam247,1,0.022624434
1436,#roamearth,1,0.022624434
1437,#roamerground,1,0.022624434
1438,#roamonenature,1,0.022624434
1439,#roamoutside,1,0.022624434
1442,#rockclimbing,1,0.022624434
1443,#rockclimbingwomen,1,0.022624434
1444,#romÃ¢nia,1,0.022624434
1445,#romania<U+0001F1F9><U+0001F1E9>,1,0.022624434
1446,#romaniamagica,1,0.022624434
1447,#romaniapitoreasca,1,0.022624434
1448,#rsa_fog,1,0.022624434
1450,#rsa_rural,1,0.022624434
1451,#rural_love,1,0.022624434
1452,#russia#europe#nature#nature_,1,0.022624434
1453,#russiannature,1,0.022624434
1454,#rype,1,0.022624434
1455,#rypejakt,1,0.022624434
1456,#safari,1,0.022624434
1457,#safariphotography,1,0.022624434
1458,#samsung,1,0.022624434
1459,#sanctuaryasia,1,0.022624434
1460,#sand,1,0.022624434
1461,#sanddunes,1,0.022624434
1462,#sansebastian,1,0.022624434
1464,#scenic,1,0.022624434
1465,#schwarzwald,1,0.022624434
1466,#scotland,1,0.022624434
1467,#seattletravelblogger,1,0.022624434
1468,#sedona,1,0.022624434
1469,#Seeaustralia,1,0.022624434
1470,#seeindia,1,0.022624434
1471,#sefikking,1,0.022624434
1472,#senderismo,1,0.022624434
1473,#seyahat,1,0.022624434
1475,#shainblumff,1,0.022624434
1476,#shakorihills,1,0.022624434
1477,#sharecalgary,1,0.022624434
1478,#sheisnotlost,1,0.022624434
1479,#ShockmansionÂ,1,0.022624434
1480,#shotoniphone,1,0.022624434
1481,#ShotonLexar,1,0.022624434
1482,#shotstoriesindia,1,0.022624434
1483,#shotstoriesindia.<U+2800><U+2800><U+2800>,1,0.022624434
1485,#sigmafoto,1,0.022624434
1486,#simplyadventure,1,0.022624434
1487,#skitour,1,0.022624434
1488,#skitouring,1,0.022624434
1492,#skyporn#earthpix,1,0.022624434
1493,#skytrail,1,0.022624434
1494,#slovakgramers,1,0.022624434
1495,#slovakianaturehd,1,0.022624434
1496,#slovakiaplace,1,0.022624434
1497,#slovenskehory,1,0.022624434
1498,#slovenskonafotke,1,0.022624434
1499,#slowphotographymovement,1,0.022624434
1500,#slowshutter,1,0.022624434
1501,#smile,1,0.022624434
1502,#smugmug,1,0.022624434
1503,#snapchat,1,0.022624434
1504,#snapseed,1,0.022624434
1505,#snapseedpk,1,0.022624434
1506,#snapshot,1,0.022624434
1508,#snowshoe,1,0.022624434
1509,#solitude,1,0.022624434
1510,#solotravel<U+2060>,1,0.022624434
1511,#solotraveler,1,0.022624434
1514,#SonyAlpha,1,0.022624434
1515,#sonyalphatr,1,0.022624434
1516,#sonyphotos,1,0.022624434
1517,#sophia_from_<U+0001F1F7><U+0001F1FA>_with_<U+2665><U+FE0F>,1,0.022624434
1518,#soulful_moments,1,0.022624434
1519,#sourcedadventuresÂ,1,0.022624434
1520,#SouthAmerica,1,0.022624434
1521,#southerncalifornia,1,0.022624434
1522,#southoffrance<U+0001F1EB><U+0001F1F7>,1,0.022624434
1523,#soygurudeviajes,1,0.022624434
1525,#spendid_earth,1,0.022624434
1526,#spiritualjourney,1,0.022624434
1528,#splendid_earthÂ,1,0.022624434
1531,#springtime,1,0.022624434
1532,#squareofmiracles,1,0.022624434
1533,#starrynight,1,0.022624434
1534,#stars,1,0.022624434
1535,#starsareshining,1,0.022624434
1539,#stayathome,1,0.022624434
1540,#stayhome,1,0.022624434
1541,#stayinandexplore,1,0.022624434
1542,#staywild,1,0.022624434
1543,#steigauf,1,0.022624434
1545,#stormscapeÂ,1,0.022624434
1546,#strawberry,1,0.022624434
1547,#stunning,1,0.022624434
1550,#summer,1,0.022624434
1552,#sunday,1,0.022624434
1553,#sunrise,1,0.022624434
1557,#sunsetlover#sunsettravelofficial#moon_sunset#insta_sky_lovers#skyaddict#cloudpornography#sunrise_sunset_aroundworld#skycaptures#lightzine#take_magazine#puestadesol#earthofficial#landscapephotography#ig_amazingnature#puestadesol,1,0.022624434
1562,#sunshine,1,0.022624434
1563,#super_france,1,0.022624434
1565,#surrendertotheflow,1,0.022624434
1566,#surrey,1,0.022624434
1567,#surreyphotographer,1,0.022624434
1568,#swan,1,0.022624434
1569,#swans,1,0.022624434
1570,#swansofinstagram,1,0.022624434
1571,#swipe,1,0.022624434
1573,#swissshepherdsofinstagram,1,0.022624434
1575,#switzerland_vacations,1,0.022624434
1576,#tailandia,1,0.022624434
1577,#takipedenitakipederim,1,0.022624434
1578,#tamronusa,1,0.022624434
1579,#tanyardcreek,1,0.022624434
1580,#tapansheth,1,0.022624434
1581,#tasteintravel,1,0.022624434
1582,#tatranskamafia,1,0.022624434
1583,#teamkimon,1,0.022624434
1584,#tentcamping,1,0.022624434
1585,#texture,1,0.022624434
1586,#tfjourney,1,0.022624434
1587,#thailand,1,0.022624434
1588,#the_folknature,1,0.022624434
1589,#thebalibible,1,0.022624434
1590,#thebalibible<U+2063><U+2063><U+2063><U+2063>,1,0.022624434
1593,#thecreatorclass,1,0.022624434
1594,#thediscoverer,1,0.022624434
1599,#theIMAGED,1,0.022624434
1600,#theimagedÂ,1,0.022624434
1601,#themountainiscalling,1,0.022624434
1602,#thenoisetier,1,0.022624434
1603,#theonlycalifornia,1,0.022624434
1605,#theoutdoors,1,0.022624434
1606,#thephotosociety,1,0.022624434
1607,#thestoked,1,0.022624434
1609,#theweekononstagram,1,0.022624434
1611,#thisisindonesia,1,0.022624434
1612,#thisisslovakia,1,0.022624434
1613,#thisisWA,1,0.022624434
1614,#throughthelens,1,0.022624434
1615,#throwback,1,0.022624434
1616,#tiktok,1,0.022624434
1618,#timelapse,1,0.022624434
1619,#timeoutsociety,1,0.022624434
1620,#timessquare,1,0.022624434
1621,#tips,1,0.022624434
1624,#together,1,0.022624434
1625,#toneheaven,1,0.022624434
1626,#tonga,1,0.022624434
1627,#top_italia_photo,1,0.022624434
1628,#top_macroÂ,1,0.022624434
1631,#toptravel,1,0.022624434
1632,#total_finland,1,0.022624434
1633,#tourisme,1,0.022624434
1634,#tourismelebanon,1,0.022624434
1636,#tourtheplanetÂ,1,0.022624434
1637,#toypoodle,1,0.022624434
1638,#trÃ¤dgÃ¥rd,1,0.022624434
1639,#trakoscan,1,0.022624434
1642,#travel_2_germany,1,0.022624434
1643,#travel_drops,1,0.022624434
1645,#traveladdicted,1,0.022624434
1646,#traveladventure,1,0.022624434
1647,#travelanddestinations,1,0.022624434
1648,#travelandleisure,1,0.022624434
1649,#travelandlife,1,0.022624434
1651,#travelawsome,1,0.022624434
1652,#travelblog,1,0.022624434
1653,#travelblogger,1,0.022624434
1654,#travelbug,1,0.022624434
1655,#traveldeeper,1,0.022624434
1656,#traveldiaries,1,0.022624434
1657,#traveldiary_aroundtheworld,1,0.022624434
1658,#traveler,1,0.022624434
1659,#travelexperience,1,0.022624434
1660,#travelexploring,1,0.022624434
1661,#travelforlife,1,0.022624434
1662,#travelgirl,1,0.022624434
1664,#travelguide,1,0.022624434
1666,#travelingphotography#discoverglobe#ourplanetdaily#cityview#cityscape#goexplore#welltravelled,1,0.022624434
1667,#travelingthroughtheworld,1,0.022624434
1669,#travelislove,1,0.022624434
1671,#travellersgram,1,0.022624434
1672,#travellife,1,0.022624434
1674,#travellover,1,0.022624434
1678,#travelphotographyoftheday,1,0.022624434
1679,#travelphotos,1,0.022624434
1681,#travelpicsdaily,1,0.022624434
1682,#travelporn,1,0.022624434
1683,#travelrepostÂ,1,0.022624434
1684,#travels,1,0.022624434
1687,#travelwesome,1,0.022624434
1688,#travelworld,1,0.022624434
1689,#travelworldwide,1,0.022624434
1691,#tree_brilliance,1,0.022624434
1692,#tree_captures,1,0.022624434
1693,#tree_love,1,0.022624434
1694,#tree_magic,1,0.022624434
1695,#tree_shotz,1,0.022624434
1696,#trees,1,0.022624434
1697,#treesofinstagram,1,0.022624434
1698,#trekkersofindia,1,0.022624434
1699,#trekking,1,0.022624434
1700,#trekkingitalia,1,0.022624434
1702,#tripadvisor,1,0.022624434
1703,#tripstagram,1,0.022624434
1704,#trnava,1,0.022624434
1706,#turÂ,1,0.022624434
1707,#turismoecuador,1,0.022624434
1708,#turistforeningen,1,0.022624434
1711,#turkobjektif,1,0.022624434
1712,#ubut,1,0.022624434
1713,#uk_shooters,1,0.022624434
1714,#ukphotographer,1,0.022624434
1717,#ukscenery,1,0.022624434
1718,#unesco_world_heritage,1,0.022624434
1719,#unescoheritagesites,1,0.022624434
1720,#unfiltered,1,0.022624434
1721,#unique_shots,1,0.022624434
1722,#universe_dopeÂ,1,0.022624434
1723,#universetoday,1,0.022624434
1724,#urdu,1,0.022624434
1725,#usa,1,0.022624434
1726,#utno,1,0.022624434
1728,#vacationmode,1,0.022624434
1729,#vanguardworld,1,0.022624434
1730,#vasikkaÂ,1,0.022624434
1732,#vegan,1,0.022624434
1734,#viagem,1,0.022624434
1735,#viajaprimeroecuador,1,0.022624434
1736,#viaje,1,0.022624434
1737,#viajes,1,0.022624434
1739,#vibesofvisuals,1,0.022624434
1740,#videoofthedayÂ,1,0.022624434
1742,#viewbug,1,0.022624434
1743,#viljelijaÂ¨eipysaÂ¨hdy,1,0.022624434
1744,#village,1,0.022624434
1745,#villages,1,0.022624434
1746,#villefranchesurmer,1,0.022624434
1747,#villmarkÂ,1,0.022624434
1748,#villmarkslivÂ,1,0.022624434
1749,#vine,1,0.022624434
1750,#vinegrape,1,0.022624434
1751,#vineyard,1,0.022624434
1752,#VisitArkansas,1,0.022624434
1753,#visitAustralia,1,0.022624434
1754,#visitaustria#enjoyaustria#weroamaustria#austrianroamers#exploreourearth#fantasticearth#earthofficial#thegreatoutdoors#earthoutdoors#exploretocreate#lifeofadventure#wanderfolk#earthscope#discoverglobe#mountainworld#wowplanet#home#styria#eclectic_shotz#earthscope#hikingtheglobe#austria,1,0.022624434
1755,#visitbali,1,0.022624434
1757,#visitblackforest,1,0.022624434
1759,#visitcalifornia,1,0.022624434
1760,#visitcz,1,0.022624434
1761,#visiteislek,1,0.022624434
1762,#visitengland,1,0.022624434
1763,#visiteurope,1,0.022624434
1764,#visitfaroeislands,1,0.022624434
1765,#visitfinland,1,0.022624434
1766,#visiticeland,1,0.022624434
1767,#visiting,1,0.022624434
1768,#visitlapland<U+2060>,1,0.022624434
1769,#visitlebanon,1,0.022624434
1770,#visitrussia#beautifulrussia,1,0.022624434
1771,#visitsandiego,1,0.022624434
1772,#visitswitzerland,1,0.022624434
1773,#VisitUruguay,1,0.022624434
1774,#visual_ambassadors,1,0.022624434
1778,#visualcreators,1,0.022624434
1779,#visualgang,1,0.022624434
1780,#visualheaven,1,0.022624434
1782,#visualscollective,1,0.022624434
1783,#visualsofasia,1,0.022624434
1785,#visualsofearthÂ,1,0.022624434
1787,#visualsoflife#exploretocreate#passionpassport#ourplanetdaily#beautifuldestinations#artofvisual#liveauthentic#wildernessculture#roamtheplanet#stayandwander#mainkesini#instagood#theoutbond#earthfocus#discoverearth#earthpix#earthofficial#roamnation#eclectic_shotz#rsa_nature#optoutside#livefolkindonesia#lensbible#photography#travelphotography#travelling,1,0.022624434
1788,#visualtraveller,1,0.022624434
1789,#vivelavie,1,0.022624434
1790,#vlog,1,0.022624434
1791,#vocenooff,1,0.022624434
1792,#volgoitalia,1,0.022624434
1798,#vzcomood,1,0.022624434
1799,#walkbangladesh,1,0.022624434
1800,#walkinguk,1,0.022624434
1801,#walks,1,0.022624434
1803,#wander,1,0.022624434
1804,#wanderer,1,0.022624434
1806,#wanderlust<U+2060>,1,0.022624434
1807,#wandern,1,0.022624434
1808,#wanderpulse,1,0.022624434
1809,#waqt,1,0.022624434
1810,#washington,1,0.022624434
1813,#watercolor,1,0.022624434
1815,#waterfall_shots,1,0.022624434
1816,#waterfallsofarkansas,1,0.022624434
1818,#waycoolshots,1,0.022624434
1819,#weekeepmoments,1,0.022624434
1824,#welivetoexplore<U+2060>,1,0.022624434
1826,#welltravelled,1,0.022624434
1827,#werehikers,1,0.022624434
1828,#weroamabroad,1,0.022624434
1829,#WeRoamAbroad,1,0.022624434
1831,#weroamgermanyÂ,1,0.022624434
1832,#weroamhomeÂ,1,0.022624434
1833,#WesternAustralia,1,0.022624434
1834,#westlothian,1,0.022624434
1835,#wewilltravelagain,1,0.022624434
1838,#whiteswissshepherd,1,0.022624434
1839,#whitewolf,1,0.022624434
1840,#whyihike,1,0.022624434
1841,#widenyourworld,1,0.022624434
1842,#widokzokna,1,0.022624434
1843,#wild,1,0.022624434
1844,#wilderkaiser,1,0.022624434
1846,#wilderness-mguides,1,0.022624434
1847,#wilderness_culture,1,0.022624434
1849,#wildernessearth,1,0.022624434
1850,#wildernessnation,1,0.022624434
1852,#wildflowers,1,0.022624434
1855,#wildlife#outdoors#moodygrams,1,0.022624434
1856,#wildlifeconservation,1,0.022624434
1857,#wildlifeconservationsociety,1,0.022624434
1858,#wildlifefriend,1,0.022624434
1859,#wildlifeindia,1,0.022624434
1860,#wildlifeofindia,1,0.022624434
1863,#wildlifeshots,1,0.022624434
1864,#windolph,1,0.022624434
1866,#winter,1,0.022624434
1867,#winter<U+2060>,1,0.022624434
1869,#wirliebendieberge,1,0.022624434
1870,#wonderful,1,0.022624434
1871,#wonderful_place,1,0.022624434
1873,#wonderfularkansas,1,0.022624434
1875,#wonderfulglobeÂ,1,0.022624434
1876,#wonderfulIndonesia<U+2063><U+2063><U+2063><U+2063>,1,0.022624434
1877,#wonderfullindonesia,1,0.022624434
1879,#wonderlustcollectiveÂ,1,0.022624434
1881,#wondersofourplanet,1,0.022624434
1882,#woodvivorslb,1,0.022624434
1884,#world_photography_page,1,0.022624434
1885,#world_shotz,1,0.022624434
1886,#worldbestgram,1,0.022624434
1888,#worldframeclub,1,0.022624434
1890,#worldplaces,1,0.022624434
1893,#worldtour,1,0.022624434
1895,#worldtravelbook,1,0.022624434
1896,#worldtravelpics#traveltheword,1,0.022624434
1897,#wow_planet,1,0.022624434
1898,#writer,1,0.022624434
1899,#wu_greece,1,0.022624434
1900,#wu_japanÂ,1,0.022624434
1901,#wwf,1,0.022624434
1902,#wwfindia,1,0.022624434
1904,#yellowflowers,1,0.022624434
1905,#yellowsun,1,0.022624434
1906,#ylaÂ¨maankarja,1,0.022624434
1907,#youmustsee,1,0.022624434
1908,#yourshot_turkey,1,0.022624434
1910,#YourShotPhotographer,1,0.022624434
1911,#yourshotphotographerÂ,1,0.022624434
1912,#yycphotogrpaher,1,0.022624434
1913,#zachÃ³dslonca,1,0.022624434
